{"Epoch": 0, "_timestamp": 1709056379.6443822, "_runtime": 1.0880463123321533, "_step": 0, "_wandb": {"runtime": 20}}