{"_wandb": {"runtime": 11}, "Epoch": 0, "_timestamp": 1709006845.3453822, "_runtime": 0.9794721603393555, "_step": 0}