{"_wandb": {"runtime": 13}, "Epoch": 0, "_timestamp": 1709007960.5201833, "_runtime": 0.9096653461456299, "_step": 0}