{"Epoch": 0, "_timestamp": 1709144389.8504758, "_runtime": 1.1162607669830322, "_step": 0, "_wandb": {"runtime": 3}}