{"Epoch": 2, "_timestamp": 1709069789.4498386, "TrainPredictions": {"_type": "images/separated", "width": 640, "height": 480, "format": "png", "count": 3, "filenames": ["media/images/TrainPredictions_60570_6ab774bd7754138e863d.png", "media/images/TrainPredictions_60570_b554d502479148478ae5.png", "media/images/TrainPredictions_60570_a692fd936a44fd536b43.png"], "captions": ["Input", "GT", "PredictedMono"]}, "Train/SILog": 0.21842491626739502, "_runtime": 11122.351944684982, "_step": 62700, "TestPredictions": {"_type": "images/separated", "width": 640, "height": 480, "format": "png", "count": 3, "filenames": ["media/images/TestPredictions_60550_8c16899fddf5f8ff0e3f.png", "media/images/TestPredictions_60550_e0606c730c1db370dc69.png", "media/images/TestPredictions_60550_b19adbbeb53462dacff1.png"], "captions": ["Input", "GT", "PredictedMono"]}, "Test/SILog": 0.6643511961222786, "Metrics/a1": 0.974071194452439, "Metrics/a2": 0.9967037581430123, "Metrics/a3": 0.999458965281395, "Metrics/abs_rel": 0.06605350315451212, "Metrics/rmse": 0.23888641232994906, "Metrics/log_10": 0.028327811267995915, "Metrics/rmse_log": 0.08340034876816231, "Metrics/silog": 6.162483233113737, "Metrics/sq_rel": 0.022575392782355645, "_wandb": {"runtime": 11126}}