{"Epoch": 0, "_timestamp": 1709056307.220111, "_runtime": 1.3763258457183838, "_step": 0, "_wandb": {"runtime": 20}}