{"Epoch": 4, "_timestamp": 1709148588.4862714, "TrainPredictions": {"_type": "images/separated", "width": 640, "height": 480, "format": "png", "count": 3, "filenames": ["media/images/TrainPredictions_15050_cba10b0d19684d2303a1.png", "media/images/TrainPredictions_15050_375415457f77e18672d8.png", "media/images/TrainPredictions_15050_5e7f572385d4de153023.png"], "captions": ["Input", "GT", "PredictedMono"]}, "Train/SILog": 0.37650707364082336, "_runtime": 3786.263161420822, "_step": 15146, "TestPredictions": {"_type": "images/separated", "width": 640, "height": 480, "format": "png", "count": 3, "filenames": ["media/images/TestPredictions_15140_8c16899fddf5f8ff0e3f.png", "media/images/TestPredictions_15140_e0606c730c1db370dc69.png", "media/images/TestPredictions_15140_830eca9461a823e65036.png"], "captions": ["Input", "GT", "PredictedMono"]}, "Test/SILog": 0.7832670611206908, "Metrics/a1": 0.9559563396106614, "Metrics/a2": 0.9950575257600718, "Metrics/a3": 0.9992064118870253, "Metrics/abs_rel": 0.07549492683865426, "Metrics/rmse": 0.2736438024527072, "Metrics/log_10": 0.032758468676597714, "Metrics/rmse_log": 0.09694671389342081, "Metrics/silog": 7.319486780592723, "Metrics/sq_rel": 0.029589505274125037, "_wandb": {"runtime": 3785}}