{"Epoch": 4, "_timestamp": 1709153779.7029366, "TrainPredictions": {"_type": "images/separated", "width": 640, "height": 480, "format": "png", "count": 3, "filenames": ["media/images/TrainPredictions_15050_cba10b0d19684d2303a1.png", "media/images/TrainPredictions_15050_375415457f77e18672d8.png", "media/images/TrainPredictions_15050_f0d6e01fe41e28d57125.png"], "captions": ["Input", "GT", "PredictedMono"]}, "Train/SILog": 0.3398761749267578, "_runtime": 3774.891854763031, "_step": 15146, "TestPredictions": {"_type": "images/separated", "width": 640, "height": 480, "format": "png", "count": 3, "filenames": ["media/images/TestPredictions_15140_8c16899fddf5f8ff0e3f.png", "media/images/TestPredictions_15140_e0606c730c1db370dc69.png", "media/images/TestPredictions_15140_ddc9ffa0e547c5f9a73a.png"], "captions": ["Input", "GT", "PredictedMono"]}, "Test/SILog": 0.7832735349461208, "Metrics/a1": 0.9545073885907128, "Metrics/a2": 0.9946374666913314, "Metrics/a3": 0.9991243693015176, "Metrics/abs_rel": 0.07601918475075822, "Metrics/rmse": 0.27522931021811914, "Metrics/log_10": 0.0329401892359263, "Metrics/rmse_log": 0.09723271575645293, "Metrics/silog": 7.308125197237698, "Metrics/sq_rel": 0.03028367857348362, "_wandb": {"runtime": 3774}}