{"Epoch": 0, "_timestamp": 1709140059.644217, "_runtime": 1.0630629062652588, "_step": 0, "_wandb": {"runtime": 22}}