{"Epoch": 0, "_timestamp": 1709144687.0280101, "_runtime": 1.057941198348999, "_step": 0, "_wandb": {"runtime": 23}}