{"_wandb": {"runtime": 12}, "Epoch": 0, "_timestamp": 1709008120.4799068, "_runtime": 0.8942708969116211, "_step": 0}